section,doc_id,topic_id,probability
business,http://www.bbc.co.uk/news/business-35763127,0,0.114931686586
world,http://www.bbc.co.uk/news/world-35780243,10,0.115171719597
business,http://www.bbc.co.uk/news/business-35767893,19,0.163659184078
business,http://www.bbc.co.uk/news/business-35749243,13,0.14490248167
tech,http://www.bbc.co.uk/news/technology-35752662,19,0.0909628236758
tech,http://www.bbc.co.uk/news/technology-35780444,2,0.303513755823
business,http://www.bbc.co.uk/news/business-35780703,2,0.135765138511
entertainment,http://www.bbc.co.uk/news/entertainment-arts-35758809,19,0.104209998438
health,http://www.bbc.co.uk/news/health-35775318,9,0.119096387955
health,http://www.bbc.co.uk/news/health-35778414,18,0.0965259452034
science,http://www.bbc.co.uk/news/science-environment-35777927,8,0.113315128649
entertainment,http://www.bbc.co.uk/news/entertainment-arts-35778798,7,0.205676911985
business,http://www.bbc.co.uk/news/business-35774203,5,0.235453048763
entertainment,http://www.bbc.co.uk/news/entertainment-arts-35777586,10,0.14666492573
tech,http://www.bbc.co.uk/news/technology-35780442,19,0.0900957754453
health,http://www.bbc.co.uk/news/health-35781958,10,0.163227879107
uk,http://www.bbc.co.uk/news/uk-england-35782025,10,0.201359671627
health,http://www.bbc.co.uk/news/health-35773030,10,0.143814266173
business,http://www.bbc.co.uk/news/business-35782231,19,0.119750728107
business,http://www.bbc.co.uk/news/business-35781494,0,0.158479145723
uk,http://www.bbc.co.uk/news/uk-35781959,10,0.264037351403
business,http://www.bbc.co.uk/news/business-35782031,0,0.111269010052
uk,http://www.bbc.co.uk/news/uk-35781965,4,0.188368520276
entertainment,http://www.bbc.co.uk/news/entertainment-arts-35783006,0,0.124941484072
tech,http://www.bbc.co.uk/news/technology-35783558,4,0.148233870824
uk,http://www.bbc.co.uk/news/uk-england-35767150,0,0.108455194678
tech,http://www.bbc.co.uk/news/technology-35772241,13,0.152531363452
entertainment,http://www.bbc.co.uk/news/entertainment-arts-35780260,15,0.138048892441
business,http://www.bbc.co.uk/news/business-35782039,10,0.126578433139
entertainment,http://www.bbc.co.uk/news/entertainment-arts-35783922,10,0.105641896479
science,http://www.bbc.co.uk/news/science-environment-35783598,10,0.127044121148
tech,http://www.bbc.co.uk/news/technology-35782865,13,0.116847868488
education,http://www.bbc.co.uk/news/education-35783388,16,0.152735398122
tech,http://www.bbc.co.uk/news/technology-35782859,5,0.0942163258299
uk,http://www.bbc.co.uk/news/uk-35786503,5,0.198507552926
uk,http://www.bbc.co.uk/news/uk-england-35160928,10,0.119358968932
uk,http://www.bbc.co.uk/news/uk-england-35775817,5,0.0928081746085
uk,http://www.bbc.co.uk/news/uk-35781613,1,0.111073868414
tech,http://www.bbc.co.uk/news/technology-35787137,1,0.174218568027
business,http://www.bbc.co.uk/news/business-35787011,0,0.398874115713
business,http://www.bbc.co.uk/news/business-35744313,0,0.106565673248
health,http://www.bbc.co.uk/news/health-35786951,19,0.138434614165
uk,http://www.bbc.co.uk/news/uk-england-35782996,0,0.12860407651
world,http://www.bbc.co.uk/news/world-35785087,5,0.408624110725
uk,http://www.bbc.co.uk/news/uk-england-london-35783952,0,0.24335987774
entertainment,http://www.bbc.co.uk/news/entertainment-arts-35783928,8,0.118004070715
business,http://www.bbc.co.uk/news/business-35786538,10,0.129095686724
uk,http://www.bbc.co.uk/news/uk-35783475,2,0.0943240272801
uk,http://www.bbc.co.uk/news/uk-england-35787099,19,0.197757247529
business,http://www.bbc.co.uk/news/business-35785499,15,0.148039210568
tech,http://www.bbc.co.uk/news/technology-35787139,12,0.160648164966
business,http://www.bbc.co.uk/news/business-35787447,15,0.262431574146
health,http://www.bbc.co.uk/news/health-35783430,19,0.133120770529
business,http://www.bbc.co.uk/news/business-35782374,0,0.181073941706
entertainment,http://www.bbc.co.uk/news/entertainment-arts-34979273,18,0.176101716239
uk,http://www.bbc.co.uk/news/uk-england-35787975,19,0.166330236634
uk,http://www.bbc.co.uk/news/uk-35790099,5,0.194652215125
health,http://www.bbc.co.uk/news/health-35789716,16,0.168857019035
health,http://www.bbc.co.uk/news/health-35786959,19,0.116325321136
uk,http://www.bbc.co.uk/news/uk-england-london-35782293,0,0.141743025569
uk,http://www.bbc.co.uk/news/uk-35784880,9,0.123339468099
tech,http://www.bbc.co.uk/news/technology-35788454,16,0.23364010747
uk,http://www.bbc.co.uk/news/uk-35789717,9,0.299593009216
uk,http://www.bbc.co.uk/news/uk-england-london-35786207,2,0.138750531394
business,http://www.bbc.co.uk/news/business-35786883,5,0.139761314136
business,http://www.bbc.co.uk/news/business-35787379,19,0.199218696392
uk,http://www.bbc.co.uk/news/uk-35790473,19,0.283604214556
business,http://www.bbc.co.uk/news/business-35785944,0,0.167672320938
world,http://www.bbc.co.uk/news/world-35790697,0,0.127942984
entertainment,http://www.bbc.co.uk/news/entertainment-arts-35773534,16,0.190852181054
uk,http://www.bbc.co.uk/news/uk-35790759,0,0.150379991539
health,http://www.bbc.co.uk/news/health-35785848,10,0.202078536135
uk,http://www.bbc.co.uk/news/uk-35790630,12,0.177094402371
uk,http://www.bbc.co.uk/news/uk-england-35697546,11,0.112903231366
science,http://www.bbc.co.uk/news/science-environment-35778655,9,0.0926778710635
uk,http://www.bbc.co.uk/news/uk-35785838,19,0.131734348493
uk,http://www.bbc.co.uk/news/uk-35793073,19,0.175037269686
tech,http://www.bbc.co.uk/news/technology-35785875,10,0.102210755617
entertainment,http://www.bbc.co.uk/news/entertainment-arts-35787187,18,0.101511977838
uk,http://www.bbc.co.uk/news/uk-35793094,19,0.24722345771
entertainment,http://www.bbc.co.uk/news/entertainment-arts-35793468,7,0.204330377494
business,http://www.bbc.co.uk/news/business-35790824,19,0.132954305931
business,http://www.bbc.co.uk/news/business-35793096,19,0.364493113538
health,http://www.bbc.co.uk/news/health-35793095,1,0.198044136469
uk,http://www.bbc.co.uk/news/uk-england-london-35793884,11,0.119312143789
uk,http://www.bbc.co.uk/news/uk-35790137,0,0.169279362169
uk,http://www.bbc.co.uk/news/uk-england-35786856,0,0.284359240642
entertainment,http://www.bbc.co.uk/news/entertainment-arts-35793251,10,0.103247513574
education,http://www.bbc.co.uk/news/education-35794194,16,0.11460721515
uk,http://www.bbc.co.uk/news/uk-england-london-35795120,10,0.22210748407
education,http://www.bbc.co.uk/news/education-35795040,10,0.128944872419
education,http://www.bbc.co.uk/news/education-35794359,6,0.142487879866
business,http://www.bbc.co.uk/news/business-35793445,19,0.13208909099
entertainment,http://www.bbc.co.uk/news/entertainment-arts-35795225,11,0.208257020989
business,http://www.bbc.co.uk/news/business-35793471,16,0.157651831568
uk,http://www.bbc.co.uk/news/uk-35763529,6,0.265524856644
health,http://www.bbc.co.uk/news/health-35779112,9,0.475164981871
health,http://www.bbc.co.uk/news/health-35780468,9,0.101898210667
uk,http://www.bbc.co.uk/news/uk-england-35716456,5,0.101876660519
uk,http://www.bbc.co.uk/news/uk-england-35788623,10,0.107514355086
uk,http://www.bbc.co.uk/news/uk-35796490,12,0.184126274362
tech,http://www.bbc.co.uk/news/technology-35752657,9,0.0890715903871
uk,http://www.bbc.co.uk/news/uk-35786447,11,0.225061319373
uk,http://www.bbc.co.uk/news/uk-england-35744286,9,0.171550806078
uk,http://www.bbc.co.uk/news/uk-35797004,0,0.287526435752
uk,http://www.bbc.co.uk/news/uk-35797008,9,0.201677896999
uk,http://www.bbc.co.uk/news/uk-england-35794309,13,0.124281394567
uk,http://www.bbc.co.uk/news/uk-england-17314373,10,0.243110953152
entertainment,http://www.bbc.co.uk/news/entertainment-arts-35797319,9,0.100339221115
uk,http://www.bbc.co.uk/news/uk-england-london-35797509,0,0.283133862504
uk,http://www.bbc.co.uk/news/uk-35797129,2,0.160572855476
business,http://www.bbc.co.uk/news/business-35797209,0,0.149051368125
uk,http://www.bbc.co.uk/news/uk-england-35797388,0,0.102650529304
entertainment,http://www.bbc.co.uk/news/entertainment-arts-35797322,10,0.128509893744
uk,http://www.bbc.co.uk/news/uk-england-london-35797514,10,0.133191486829
education,http://www.bbc.co.uk/news/education-35779235,10,0.108775798697
uk,http://www.bbc.co.uk/news/uk-35797158,18,0.112088981544
uk,http://www.bbc.co.uk/news/uk-england-london-35798321,0,0.126055450282
uk,http://www.bbc.co.uk/news/uk-35798826,2,0.248935576381
business,http://www.bbc.co.uk/news/business-35715766,10,0.117014075327
science,http://www.bbc.co.uk/news/science-environment-35788195,15,0.188592122325
business,http://www.bbc.co.uk/news/business-35799408,11,0.185089130158
uk,http://www.bbc.co.uk/news/uk-england-london-35798326,5,0.101702129275
uk,http://www.bbc.co.uk/news/uk-35800038,0,0.214879174154
uk,http://www.bbc.co.uk/news/uk-35766771,9,0.144992465348
tech,http://www.bbc.co.uk/news/technology-35800285,9,0.169233063854
entertainment,http://www.bbc.co.uk/news/entertainment-arts-35778706,19,0.117610138169
business,http://www.bbc.co.uk/news/business-35767742,19,0.233434115051
uk,http://www.bbc.co.uk/news/uk-35800870,1,0.335885611079
tech,http://www.bbc.co.uk/news/technology-35801254,9,0.155773119887
business,http://www.bbc.co.uk/news/business-35800222,10,0.108120194325
business,http://www.bbc.co.uk/news/business-35800993,0,0.151355599514
world,http://www.bbc.co.uk/news/world-35800974,8,0.219696132996
entertainment,http://www.bbc.co.uk/news/entertainment-arts-35725637,10,0.48372524312
entertainment,http://www.bbc.co.uk/news/entertainment-arts-35801762,0,0.14516485929
science,http://www.bbc.co.uk/news/science-environment-35800975,8,0.22694109026
uk,http://www.bbc.co.uk/news/uk-35800873,10,0.253149307956
uk,http://www.bbc.co.uk/news/uk-england-london-35802274,19,0.0987431727482
entertainment,http://www.bbc.co.uk/news/entertainment-arts-35802538,12,0.118909738396
uk,http://www.bbc.co.uk/news/uk-england-35800182,15,0.123625852471
business,http://www.bbc.co.uk/news/business-35803181,15,0.0840241991714
education,http://www.bbc.co.uk/news/education-35801063,2,0.200847725855
business,http://www.bbc.co.uk/news/business-35801415,19,0.167087260943
education,http://www.bbc.co.uk/news/education-35777343,10,0.134149756811
business,http://www.bbc.co.uk/news/business-35801921,10,0.139247693535
uk,http://www.bbc.co.uk/news/uk-35801027,9,0.0907499265449
education,http://www.bbc.co.uk/news/education-35798117,16,0.0995920836074
entertainment,http://www.bbc.co.uk/news/entertainment-arts-20683877,7,0.112230612621
tech,http://www.bbc.co.uk/news/technology-35803532,14,0.133511417502
uk,http://www.bbc.co.uk/news/uk-england-london-35793887,5,0.125114134427
uk,http://www.bbc.co.uk/news/uk-england-35800866,0,0.322073387278
business,http://www.bbc.co.uk/news/business-35801739,2,0.144305199141
world,http://www.bbc.co.uk/news/world-35805241,0,0.244962058523
entertainment,http://www.bbc.co.uk/news/entertainment-arts-35803396,18,0.164423733075
entertainment,http://www.bbc.co.uk/news/entertainment-arts-35802564,7,0.168333085686
tech,http://www.bbc.co.uk/news/technology-35801257,2,0.223443317245
uk,http://www.bbc.co.uk/news/uk-35805593,1,0.449482499725
uk,http://www.bbc.co.uk/news/uk-england-35805533,2,0.171609840063
business,http://www.bbc.co.uk/news/business-35805881,12,0.10717441225
business,http://www.bbc.co.uk/news/business-35801732,10,0.118191099306
business,http://www.bbc.co.uk/news/business-35799404,13,0.103266049514
science,http://www.bbc.co.uk/news/science-environment-35804104,15,0.170538276785
entertainment,http://www.bbc.co.uk/news/entertainment-arts-35800241,0,0.115964504873
uk,http://www.bbc.co.uk/news/uk-england-35803407,15,0.125573164354
business,http://www.bbc.co.uk/news/business-35803183,1,0.132294709968
uk,http://www.bbc.co.uk/news/uk-35800692,19,0.151989414585
uk,http://www.bbc.co.uk/news/uk-england-35800747,9,0.129520999701
tech,http://www.bbc.co.uk/news/technology-35801477,12,0.102803326909
education,http://www.bbc.co.uk/news/education-35806743,10,0.107538234947
uk,http://www.bbc.co.uk/news/uk-35803414,0,0.109299665481
uk,http://www.bbc.co.uk/news/uk-england-london-35800187,10,0.119950038659
uk,http://www.bbc.co.uk/news/uk-35807618,2,0.117357020639
uk,http://www.bbc.co.uk/news/uk-england-35807182,8,0.110232693938
uk,http://www.bbc.co.uk/news/uk-35805596,2,0.121446286277
business,http://www.bbc.co.uk/news/business-35805882,0,0.1627641471
science,http://www.bbc.co.uk/news/science-environment-35806780,9,0.142373087623
science,http://www.bbc.co.uk/news/science-environment-35806781,8,0.13467768391
science,http://www.bbc.co.uk/news/science-environment-35799792,19,0.114020403704
uk,http://www.bbc.co.uk/news/uk-35801068,2,0.127738670509
business,http://www.bbc.co.uk/news/business-35770490,11,0.0861586719038
uk,http://www.bbc.co.uk/news/uk-35805597,19,0.291439600505
uk,http://www.bbc.co.uk/news/uk-england-london-35805304,11,0.183319915581
entertainment,http://www.bbc.co.uk/news/entertainment-arts-35806273,13,0.207373804196
business,http://www.bbc.co.uk/news/business-35801631,19,0.10560758194
business,http://www.bbc.co.uk/news/business-35806076,5,0.211429851584
business,http://www.bbc.co.uk/news/business-35802739,18,0.116641168029
health,http://www.bbc.co.uk/news/health-35805595,10,0.157100461758
health,http://www.bbc.co.uk/news/health-35803521,0,0.181150420292
business,http://www.bbc.co.uk/news/business-35808684,0,0.214478797165
health,http://www.bbc.co.uk/news/health-35779006,10,0.117675204993
education,http://www.bbc.co.uk/news/education-35803277,9,0.13817241641
education,http://www.bbc.co.uk/news/education-35804879,11,0.117055714078
uk,http://www.bbc.co.uk/news/uk-35809031,13,0.101430978105
uk,http://www.bbc.co.uk/news/uk-35807136,10,0.117713414413
world,http://www.bbc.co.uk/news/world-35805821,18,0.113954294349
business,http://www.bbc.co.uk/news/business-35809196,7,0.126285006593
uk,http://www.bbc.co.uk/news/uk-35809144,9,0.125068265529
business,http://www.bbc.co.uk/news/business-35809538,2,0.202608455081
business,http://www.bbc.co.uk/news/business-35809798,0,0.220926523618
uk,http://www.bbc.co.uk/news/uk-england-35809549,19,0.187899695214
health,http://www.bbc.co.uk/news/health-35809769,19,0.170672064826
tech,http://www.bbc.co.uk/news/technology-35810133,10,0.159045603993
science,http://www.bbc.co.uk/news/science-environment-35811424,11,0.236088884023
uk,http://www.bbc.co.uk/news/uk-35809772,18,0.259957326926
science,http://www.bbc.co.uk/news/science-environment-35809771,0,0.306304883379
business,http://www.bbc.co.uk/news/business-35810466,2,0.127892103274
entertainment,http://www.bbc.co.uk/news/entertainment-arts-35810928,13,0.182275852313
business,http://www.bbc.co.uk/news/business-35809517,8,0.186452135462
tech,http://www.bbc.co.uk/news/technology-35811365,19,0.135334217967
entertainment,http://www.bbc.co.uk/news/entertainment-arts-35806414,0,0.0871268031366
uk,http://www.bbc.co.uk/news/uk-england-35809439,5,0.239921970607
uk,http://www.bbc.co.uk/news/uk-england-35806629,19,0.185081890085
uk,http://www.bbc.co.uk/news/uk-england-35812506,0,0.267178820604
business,http://www.bbc.co.uk/news/business-35809542,2,0.124580855552
business,http://www.bbc.co.uk/news/business-35807472,0,0.127430156305
tech,http://www.bbc.co.uk/news/technology-35811777,8,0.123246182419
uk,http://www.bbc.co.uk/news/uk-england-london-35809611,18,0.165045148362
uk,http://www.bbc.co.uk/news/uk-35811194,19,0.223417397142
uk,http://www.bbc.co.uk/news/uk-35813662,0,0.368287541758
science,http://www.bbc.co.uk/news/science-environment-35809116,12,0.101048683885
world,http://www.bbc.co.uk/news/world-35757586,15,0.232655588171
education,http://www.bbc.co.uk/news/education-35811555,10,0.125687154197
uk,http://www.bbc.co.uk/news/uk-england-35813511,19,0.12343570208
business,http://www.bbc.co.uk/news/business-35812634,11,0.175672013755
science,http://www.bbc.co.uk/news/science-environment-35806992,0,0.102766375116
business,http://www.bbc.co.uk/news/business-35812024,0,0.186365997366
business,http://www.bbc.co.uk/news/business-35809776,11,0.252292558944
uk,http://www.bbc.co.uk/news/uk-35808647,9,0.113996242797
uk,http://www.bbc.co.uk/news/uk-england-35811673,10,0.122728181916
uk,http://www.bbc.co.uk/news/uk-england-35812597,11,0.100728830248
uk,http://www.bbc.co.uk/news/uk-england-35809421,5,0.115541565147
tech,http://www.bbc.co.uk/news/technology-35810134,19,0.139885907058
health,http://www.bbc.co.uk/news/health-35801450,16,0.148396854208
entertainment,http://www.bbc.co.uk/news/entertainment-arts-35810676,7,0.107146302486
entertainment,http://www.bbc.co.uk/news/entertainment-arts-35814797,2,0.171320752714
uk,http://www.bbc.co.uk/news/uk-35814467,5,0.169891377144
uk,http://www.bbc.co.uk/news/uk-england-london-35814198,7,0.171385727976
uk,http://www.bbc.co.uk/news/uk-england-35813915,11,0.10197698489
business,http://www.bbc.co.uk/news/business-35809803,4,0.12504151042
business,http://www.bbc.co.uk/news/business-35812636,0,0.154175404934
health,http://www.bbc.co.uk/news/health-35815332,10,0.130466123777
entertainment,http://www.bbc.co.uk/news/entertainment-arts-35817121,19,0.1690643932
uk,http://www.bbc.co.uk/news/uk-england-35814610,18,0.112888538767
education,http://www.bbc.co.uk/news/education-35814215,12,0.124366702676
uk,http://www.bbc.co.uk/news/uk-35813744,0,0.134904667684
business,http://www.bbc.co.uk/news/business-35817386,10,0.118465239549
tech,http://www.bbc.co.uk/news/technology-35813656,5,0.0821244789429
business,http://www.bbc.co.uk/news/business-35813432,8,0.15492578269
business,http://www.bbc.co.uk/news/business-35808678,5,0.123379711938
uk,http://www.bbc.co.uk/news/uk-35814135,8,0.0874070600061
uk,http://www.bbc.co.uk/news/uk-35813749,14,0.0985198252661
tech,http://www.bbc.co.uk/news/technology-35817814,0,0.0923480425576
entertainment,http://www.bbc.co.uk/news/entertainment-arts-35815369,16,0.134496731898
tech,http://www.bbc.co.uk/news/technology-35813653,19,0.139417299209
tech,http://www.bbc.co.uk/news/technology-35817508,12,0.158155575957
education,http://www.bbc.co.uk/news/education-35817504,6,0.134486663456
uk,http://www.bbc.co.uk/news/uk-35817921,0,0.143261052437
business,http://www.bbc.co.uk/news/business-35817515,11,0.145903935693
business,http://www.bbc.co.uk/news/business-35776555,9,0.110281827393
uk,http://www.bbc.co.uk/news/uk-35814470,0,0.21942445214
uk,http://www.bbc.co.uk/news/uk-35818428,15,0.319660818888
science,http://www.bbc.co.uk/news/science-environment-35815813,19,0.134849134056
health,http://www.bbc.co.uk/news/health-35743550,10,0.139449928853
health,http://www.bbc.co.uk/news/health-35811374,9,0.109847952355
entertainment,http://www.bbc.co.uk/news/entertainment-arts-35801234,10,0.127340380669
tech,http://www.bbc.co.uk/news/technology-35818409,9,0.28487136897
tech,http://www.bbc.co.uk/news/technology-35664212,16,0.27010584694
science,http://www.bbc.co.uk/news/science-environment-35818924,15,0.126154504915
uk,http://www.bbc.co.uk/news/uk-35817782,14,0.143937556467
entertainment,http://www.bbc.co.uk/news/entertainment-arts-35819330,13,0.305989605027
uk,http://www.bbc.co.uk/news/uk-england-35814478,16,0.192841018945
entertainment,http://www.bbc.co.uk/news/entertainment-arts-35818530,19,0.134440849045
uk,http://www.bbc.co.uk/news/uk-england-london-35816837,0,0.275449889768
health,http://www.bbc.co.uk/news/health-35819365,18,0.223358485553
uk,http://www.bbc.co.uk/news/uk-england-35773248,18,0.0973426786652
education,http://www.bbc.co.uk/news/education-35819366,16,0.343362728274
health,http://www.bbc.co.uk/news/health-35819367,18,0.210556662452
entertainment,http://www.bbc.co.uk/news/entertainment-arts-35819687,7,0.108339857931
uk,http://www.bbc.co.uk/news/uk-england-35819910,19,0.327971587571
business,http://www.bbc.co.uk/news/business-35819535,0,0.199064459336
science,http://www.bbc.co.uk/news/science-environment-35821023,14,0.186444689215
entertainment,http://www.bbc.co.uk/news/entertainment-arts-35820121,9,0.127808678334
tech,http://www.bbc.co.uk/news/technology-35820872,10,0.106935123523
uk,http://www.bbc.co.uk/news/uk-england-35811486,19,0.144940337331
tech,http://www.bbc.co.uk/news/technology-35821276,9,0.154566896491
business,http://www.bbc.co.uk/news/business-35818548,0,0.185071711239
education,http://www.bbc.co.uk/news/education-35820646,2,0.10787949313
uk,http://www.bbc.co.uk/news/uk-35821607,8,0.121710693733
tech,http://www.bbc.co.uk/news/technology-33008257,0,0.107956618491
uk,http://www.bbc.co.uk/news/uk-england-35822221,8,0.194096517842
uk,http://www.bbc.co.uk/news/uk-england-london-35823815,19,0.235722682682
business,http://www.bbc.co.uk/news/business-35822029,0,0.174257865323
tech,http://www.bbc.co.uk/news/technology-35820873,2,0.125841426124
business,http://www.bbc.co.uk/news/business-35825011,15,0.154454422817
uk,http://www.bbc.co.uk/news/uk-35824840,0,0.124211446944
science,http://www.bbc.co.uk/news/science-environment-35823012,9,0.131761254054
uk,http://www.bbc.co.uk/news/uk-england-35821737,19,0.199279930169
uk,http://www.bbc.co.uk/news/uk-england-35818619,9,0.135034203153
business,http://www.bbc.co.uk/news/business-35820757,19,0.134759374383
uk,http://www.bbc.co.uk/news/uk-35819455,15,0.12423315292
uk,http://www.bbc.co.uk/news/uk-england-35820486,0,0.137679346318
business,http://www.bbc.co.uk/news/business-35826259,10,0.146808454286
health,http://www.bbc.co.uk/news/health-35824071,10,0.0983858778363
business,http://www.bbc.co.uk/news/business-35811775,2,0.0998266901515
business,http://www.bbc.co.uk/news/business-35823970,0,0.186767966923
uk,http://www.bbc.co.uk/news/uk-england-35824861,10,0.119917850451
uk,http://www.bbc.co.uk/news/uk-35826369,10,0.139186513707
business,http://www.bbc.co.uk/news/business-35826260,13,0.159463543208
uk,http://www.bbc.co.uk/news/uk-england-london-35819836,10,0.138409960909
education,http://www.bbc.co.uk/news/education-35815023,2,0.129911264975
uk,http://www.bbc.co.uk/news/uk-england-london-35822020,0,0.117275844922
business,http://www.bbc.co.uk/news/business-35822365,0,0.0956231703543
business,http://www.bbc.co.uk/news/business-35824456,0,0.11369716066
business,http://www.bbc.co.uk/news/business-17442946,9,0.152198104343
uk,http://www.bbc.co.uk/news/uk-england-35819978,9,0.0976478088275
uk,http://www.bbc.co.uk/news/uk-england-35821827,9,0.108221457818
science,http://www.bbc.co.uk/news/science-environment-35823014,11,0.111375203767
science,http://www.bbc.co.uk/news/science-environment-35821829,9,0.125258610536
business,http://www.bbc.co.uk/news/business-35822038,11,0.138252220092
entertainment,http://www.bbc.co.uk/news/entertainment-arts-35825636,11,0.137895737396
uk,http://www.bbc.co.uk/news/uk-england-london-35823318,8,0.10410781105
business,http://www.bbc.co.uk/news/business-35827903,9,0.283725096938
health,http://www.bbc.co.uk/news/health-35823872,2,0.163269960967
business,http://www.bbc.co.uk/news/business-35824244,0,0.206121084849
business,http://www.bbc.co.uk/news/business-35825014,0,0.208998821103
health,http://www.bbc.co.uk/news/health-35812984,9,0.105148743883
business,http://www.bbc.co.uk/news/business-35804201,1,0.08287103346
entertainment,http://www.bbc.co.uk/news/entertainment-arts-35821025,19,0.166644005715
business,http://www.bbc.co.uk/news/business-35821849,11,0.124345447548
business,http://www.bbc.co.uk/news/business-35827536,11,0.203248543187
world,http://www.bbc.co.uk/news/world-35827991,15,0.232362199992
health,http://www.bbc.co.uk/news/health-35821286,13,0.0938404099182
science,http://www.bbc.co.uk/news/science-environment-35708999,19,0.100915834223
science,http://www.bbc.co.uk/news/science-environment-35828635,2,0.120271945642
entertainment,http://www.bbc.co.uk/news/entertainment-arts-12692780,9,0.089019509673
business,http://www.bbc.co.uk/news/business-35828741,0,0.149780478346
entertainment,http://www.bbc.co.uk/news/entertainment-arts-35724501,7,0.098590097951
health,http://www.bbc.co.uk/news/health-35824424,11,0.11620844761
uk,http://www.bbc.co.uk/news/uk-35828883,5,0.125277847371
uk,http://www.bbc.co.uk/news/uk-35828793,5,0.155245276869
business,http://www.bbc.co.uk/news/business-35828970,8,0.148399363895
business,http://www.bbc.co.uk/news/business-35828739,0,0.182799236395
uk,http://www.bbc.co.uk/news/uk-35829449,4,0.370449377767
education,http://www.bbc.co.uk/news/education-35811560,19,0.108613184023
entertainment,http://www.bbc.co.uk/news/entertainment-arts-35801704,10,0.103541516427
business,http://www.bbc.co.uk/news/business-35830352,8,0.137431387214
uk,http://www.bbc.co.uk/news/uk-england-london-35816842,8,0.10733154404
education,http://www.bbc.co.uk/news/education-35829698,16,0.1576439088
uk,http://www.bbc.co.uk/news/uk-england-london-35830818,2,0.141996043485
business,http://www.bbc.co.uk/news/business-35831309,11,0.174495578287
business,http://www.bbc.co.uk/news/business-35829278,2,0.11169909626
uk,http://www.bbc.co.uk/news/uk-england-35774154,11,0.118304952957
uk,http://www.bbc.co.uk/news/uk-35830979,11,0.2723870369
entertainment,http://www.bbc.co.uk/news/entertainment-arts-35830028,19,0.123448341248
entertainment,http://www.bbc.co.uk/news/entertainment-arts-13144271,19,0.0800978093113
entertainment,http://www.bbc.co.uk/news/entertainment-arts-35626695,4,0.179338534611
entertainment,http://www.bbc.co.uk/news/entertainment-arts-35830568,11,0.263118729629
tech,http://www.bbc.co.uk/news/technology-35831783,19,0.132115758956
uk,http://www.bbc.co.uk/news/uk-35830563,8,0.27495436336
uk,http://www.bbc.co.uk/news/uk-england-london-35832216,19,0.118167553429
uk,http://www.bbc.co.uk/news/uk-35832681,19,0.101854958465
tech,http://www.bbc.co.uk/news/technology-35832197,12,0.110323512392
entertainment,http://www.bbc.co.uk/news/entertainment-arts-35830567,18,0.307300703073
entertainment,http://www.bbc.co.uk/news/entertainment-arts-35832673,12,0.247244098946
uk,http://www.bbc.co.uk/news/uk-england-london-35830823,16,0.125361791641
entertainment,http://www.bbc.co.uk/news/entertainment-arts-35828566,9,0.0824318484726
uk,http://www.bbc.co.uk/news/uk-35829815,18,0.102348930091
uk,http://www.bbc.co.uk/news/uk-england-35832422,16,0.138618140203
tech,http://www.bbc.co.uk/news/technology-35831789,19,0.114412801783
world,http://www.bbc.co.uk/news/world-11108059,2,0.0900149613822
science,http://www.bbc.co.uk/news/science-environment-35829697,14,0.211376059723
health,http://www.bbc.co.uk/news/health-35834168,2,0.1426054846
science,http://www.bbc.co.uk/news/science-environment-35833873,0,0.0879281870119
business,http://www.bbc.co.uk/news/business-35830754,16,0.11029838007
education,http://www.bbc.co.uk/news/education-35831935,6,0.0988688466312
education,http://www.bbc.co.uk/news/education-35833863,6,0.107952081143
entertainment,http://www.bbc.co.uk/news/entertainment-arts-35829251,19,0.115160815504
uk,http://www.bbc.co.uk/news/uk-35830427,16,0.129007549061
education,http://www.bbc.co.uk/news/education-35832743,6,0.11925331302
entertainment,http://www.bbc.co.uk/news/entertainment-arts-35834400,10,0.109433081779
uk,http://www.bbc.co.uk/news/uk-england-london-35834107,1,0.0902407408374
business,http://www.bbc.co.uk/news/business-35828747,16,0.162415088294
business,http://www.bbc.co.uk/news/business-35829514,9,0.114964824141
uk,http://www.bbc.co.uk/news/uk-england-london-35822019,18,0.102089797339
uk,http://www.bbc.co.uk/news/uk-35836430,19,0.304736090049
entertainment,http://www.bbc.co.uk/news/entertainment-arts-35835441,18,0.193453262035
tech,http://www.bbc.co.uk/news/technology-35837692,19,0.19960599729
education,http://www.bbc.co.uk/news/education-35837783,11,0.21383702055
uk,http://www.bbc.co.uk/news/uk-35830270,19,0.122303833591
uk,http://www.bbc.co.uk/news/uk-35837793,18,0.107077064605
uk,http://www.bbc.co.uk/news/uk-england-london-35838453,0,0.159414606435
entertainment,http://www.bbc.co.uk/news/entertainment-arts-35834409,19,0.0894935051909
business,http://www.bbc.co.uk/news/business-35834030,0,0.29410426313
world,http://www.bbc.co.uk/news/world-35836437,2,0.277653961569
uk,http://www.bbc.co.uk/news/uk-england-london-35838769,13,0.129152471739
uk,http://www.bbc.co.uk/news/uk-england-london-35828073,19,0.131531640839
health,http://www.bbc.co.uk/news/health-35833997,10,0.0915476735652
health,http://www.bbc.co.uk/news/health-35833955,18,0.147665292233
business,http://www.bbc.co.uk/news/business-35807556,9,0.0967008189788
education,http://www.bbc.co.uk/news/education-35823876,11,0.147496813837
entertainment,http://www.bbc.co.uk/news/entertainment-arts-35836561,12,0.129928727296
entertainment,http://www.bbc.co.uk/news/entertainment-arts-35822480,19,0.119569656518
business,http://www.bbc.co.uk/news/business-35828471,19,0.122958872718
business,http://www.bbc.co.uk/news/business-35831313,9,0.158859876581
science,http://www.bbc.co.uk/news/science-environment-35837773,10,0.154644340491
science,http://www.bbc.co.uk/news/science-environment-35838575,9,0.0942841010398
business,http://www.bbc.co.uk/news/business-35830311,19,0.0940578713845
entertainment,http://www.bbc.co.uk/news/entertainment-arts-35813124,0,0.122581440081
health,http://www.bbc.co.uk/news/health-35806264,11,0.117069399031
uk,http://www.bbc.co.uk/news/uk-35834517,19,0.122125572974
uk,http://www.bbc.co.uk/news/uk-england-london-35840389,0,0.216671922903
uk,http://www.bbc.co.uk/news/uk-england-35835967,5,0.126499044128
business,http://www.bbc.co.uk/news/business-35838923,10,0.109472352142
tech,http://www.bbc.co.uk/news/technology-35664216,5,0.277233488297
business,http://www.bbc.co.uk/news/business-35840307,0,0.198710666382
uk,http://www.bbc.co.uk/news/uk-35841197,8,0.139555557321
uk,http://www.bbc.co.uk/news/uk-35841198,19,0.430990967308
uk,http://www.bbc.co.uk/news/uk-england-london-35835871,15,0.141517441446
business,http://www.bbc.co.uk/news/business-35150143,0,0.151607071338
business,http://www.bbc.co.uk/news/business-35841733,0,0.172936779338
health,http://www.bbc.co.uk/news/health-35841381,19,0.248679828698
health,http://www.bbc.co.uk/news/health-35841199,5,0.170340740469
tech,http://www.bbc.co.uk/news/technology-35841571,16,0.115043196661
entertainment,http://www.bbc.co.uk/news/entertainment-arts-35841965,12,0.165799819509
business,http://www.bbc.co.uk/news/business-35841622,9,0.143848780112
business,http://www.bbc.co.uk/news/business-35835611,19,0.166439679346
uk,http://www.bbc.co.uk/news/uk-england-35840866,19,0.303644773712
entertainment,http://www.bbc.co.uk/news/entertainment-arts-35833592,11,0.128403474757
business,http://www.bbc.co.uk/news/business-35843368,11,0.255878759684
tech,http://www.bbc.co.uk/news/technology-35843215,19,0.134717056847
business,http://www.bbc.co.uk/news/business-35840834,10,0.144199208479
entertainment,http://www.bbc.co.uk/news/entertainment-arts-35841968,9,0.145728374427
tech,http://www.bbc.co.uk/news/technology-35840935,19,0.117689493681
education,http://www.bbc.co.uk/news/education-35842879,10,0.153593444285
uk,http://www.bbc.co.uk/news/uk-35842588,9,0.150818389944
uk,http://www.bbc.co.uk/news/uk-35835814,8,0.115332656303
uk,http://www.bbc.co.uk/news/uk-35831139,2,0.0916636036862
business,http://www.bbc.co.uk/news/business-35843370,0,0.226756852357
tech,http://www.bbc.co.uk/news/technology-35843218,18,0.0873014115631
business,http://www.bbc.co.uk/news/business-35844773,0,0.171702707671
uk,http://www.bbc.co.uk/news/uk-england-35842507,1,0.227475815182
uk,http://www.bbc.co.uk/news/uk-england-london-35844083,10,0.16845259525
uk,http://www.bbc.co.uk/news/uk-35838564,2,0.150699950658
uk,http://www.bbc.co.uk/news/uk-35846281,0,0.13612750478
uk,http://www.bbc.co.uk/news/uk-england-35842488,0,0.1638272431
uk,http://www.bbc.co.uk/news/uk-england-london-35846974,2,0.10361097487
uk,http://www.bbc.co.uk/news/uk-england-35847072,9,0.189147531089
science,http://www.bbc.co.uk/news/science-environment-35846879,1,0.266837726249
business,http://www.bbc.co.uk/news/business-35845427,0,0.112949523262
uk,http://www.bbc.co.uk/news/uk-england-35842527,0,0.171163113308
entertainment,http://www.bbc.co.uk/news/entertainment-arts-35840768,18,0.112390363673
uk,http://www.bbc.co.uk/news/uk-england-35844129,1,0.112009915218
business,http://www.bbc.co.uk/news/business-35845381,18,0.0968618771638
science,http://www.bbc.co.uk/news/science-environment-35844885,2,0.237142929025
business,http://www.bbc.co.uk/news/business-35848537,18,0.150691450196
health,http://www.bbc.co.uk/news/health-35844886,4,0.183244936457
business,http://www.bbc.co.uk/news/business-35843981,0,0.270941997247
uk,http://www.bbc.co.uk/news/uk-england-35842675,10,0.115837646875
world,http://www.bbc.co.uk/news/world-35846882,9,0.117055492644
business,http://www.bbc.co.uk/news/business-35843021,2,0.161952877969
uk,http://www.bbc.co.uk/news/uk-england-london-35846971,0,0.197691092025
entertainment,http://www.bbc.co.uk/news/entertainment-arts-35848943,10,0.112599408617
uk,http://www.bbc.co.uk/news/uk-england-35845054,10,0.147897036669
entertainment,http://www.bbc.co.uk/news/entertainment-arts-35841387,17,0.128254301319
health,http://www.bbc.co.uk/news/health-35833628,9,0.265607270063
uk,http://www.bbc.co.uk/news/uk-england-35832175,1,0.0774425115809
science,http://www.bbc.co.uk/news/science-environment-35849341,3,0.154688138969
entertainment,http://www.bbc.co.uk/news/entertainment-arts-35842500,19,0.176903681274
health,http://www.bbc.co.uk/news/health-35846352,19,0.0996597175806
entertainment,http://www.bbc.co.uk/news/entertainment-arts-35850197,12,0.111406598517
entertainment,http://www.bbc.co.uk/news/entertainment-arts-35846898,9,0.216776982569
world,http://www.bbc.co.uk/news/world-35850179,18,0.26191014507
entertainment,http://www.bbc.co.uk/news/entertainment-arts-35850849,9,0.18506796018
uk,http://www.bbc.co.uk/news/uk-england-london-35851010,0,0.267412206975
uk,http://www.bbc.co.uk/news/uk-35851522,10,0.1354363
uk,http://www.bbc.co.uk/news/uk-england-london-35851016,0,0.297377813501
uk,http://www.bbc.co.uk/news/uk-england-35851281,5,0.131248065793
uk,http://www.bbc.co.uk/news/uk-35850907,9,0.155996353239
uk,http://www.bbc.co.uk/news/uk-35852674,19,0.170070776049
uk,http://www.bbc.co.uk/news/uk-35852805,16,0.140313049254
uk,http://www.bbc.co.uk/news/uk-35851153,19,0.143421930559
uk,http://www.bbc.co.uk/news/uk-england-35852134,0,0.120998658677
uk,http://www.bbc.co.uk/news/uk-35852809,9,0.238738316066
world,http://www.bbc.co.uk/news/world-35854738,10,0.25303281361
entertainment,http://www.bbc.co.uk/news/entertainment-arts-35830877,18,0.15769164603
entertainment,http://www.bbc.co.uk/news/entertainment-arts-35475143,10,0.0940847869589
uk,http://www.bbc.co.uk/news/uk-35854813,2,0.142423811379
business,http://www.bbc.co.uk/news/business-35842812,4,0.185420284357
world,http://www.bbc.co.uk/news/world-35854743,14,0.235299602421
business,http://www.bbc.co.uk/news/business-35854979,10,0.120393424949
uk,http://www.bbc.co.uk/news/uk-england-35801791,10,0.180263140432
uk,http://www.bbc.co.uk/news/uk-35855002,2,0.178680406547
uk,http://www.bbc.co.uk/news/uk-35854485,19,0.136668749238
uk,http://www.bbc.co.uk/news/uk-england-35848137,11,0.17549289835
uk,http://www.bbc.co.uk/news/uk-england-35855314,2,0.132127924214
uk,http://www.bbc.co.uk/news/uk-35854494,0,0.123225568633
entertainment,http://www.bbc.co.uk/news/entertainment-arts-35855544,12,0.120433476317
uk,http://www.bbc.co.uk/news/uk-england-35855676,19,0.140567648826
entertainment,http://www.bbc.co.uk/news/entertainment-arts-35856420,0,0.118155387489
uk,http://www.bbc.co.uk/news/uk-england-london-35856084,0,0.24166944428
uk,http://www.bbc.co.uk/news/uk-35855012,9,0.138685024768
uk,http://www.bbc.co.uk/news/uk-35852341,12,0.0786853241007
uk,http://www.bbc.co.uk/news/uk-england-35855783,18,0.195124636799
entertainment,http://www.bbc.co.uk/news/entertainment-arts-35857258,18,0.340588878204
uk,http://www.bbc.co.uk/news/uk-england-london-35855669,13,0.181494902735
uk,http://www.bbc.co.uk/news/uk-35855945,16,0.223191272816
uk,http://www.bbc.co.uk/news/uk-35857259,2,0.306861770885
entertainment,http://www.bbc.co.uk/news/entertainment-arts-35856814,2,0.134196796403
health,http://www.bbc.co.uk/news/health-35857815,19,0.105416063886
entertainment,http://www.bbc.co.uk/news/entertainment-arts-35856423,11,0.152823730735
uk,http://www.bbc.co.uk/news/uk-35858345,11,0.174222998266
uk,http://www.bbc.co.uk/news/uk-35825201,18,0.0972252183701
uk,http://www.bbc.co.uk/news/uk-35846322,16,0.237150567727
business,http://www.bbc.co.uk/news/business-35813938,15,0.169158658923
business,http://www.bbc.co.uk/news/business-35757265,0,0.120030033251
business,http://www.bbc.co.uk/news/business-35830583,9,0.108354533638
world,http://www.bbc.co.uk/news/world-35858347,5,0.273511706298
education,http://www.bbc.co.uk/news/education-35847191,19,0.102552191147
uk,http://www.bbc.co.uk/news/uk-35819681,9,0.0955955999985
education,http://www.bbc.co.uk/news/education-35846777,6,0.151006033931
business,http://www.bbc.co.uk/news/business-35821782,10,0.0809457413489
uk,http://www.bbc.co.uk/news/uk-35858443,14,0.29263084291
world,http://www.bbc.co.uk/news/world-35858343,9,0.202525520078
business,http://www.bbc.co.uk/news/business-35842808,16,0.18348574361
business,http://www.bbc.co.uk/news/business-35859738,9,0.160261260365
uk,http://www.bbc.co.uk/news/uk-35860217,2,0.249831138728
entertainment,http://www.bbc.co.uk/news/entertainment-arts-35853421,12,0.106546707423
tech,http://www.bbc.co.uk/news/technology-35842265,11,0.102925903241
business,http://www.bbc.co.uk/news/business-35859734,9,0.135467934957
entertainment,http://www.bbc.co.uk/news/entertainment-arts-35860868,8,0.107152903225
business,http://www.bbc.co.uk/news/business-35860952,2,0.145501785431
entertainment,http://www.bbc.co.uk/news/entertainment-arts-35861617,7,0.156872552572
entertainment,http://www.bbc.co.uk/news/entertainment-arts-35862049,0,0.104801143447
entertainment,http://www.bbc.co.uk/news/entertainment-arts-35862100,9,0.125984921523
business,http://www.bbc.co.uk/news/business-23234033,10,0.158647077838
business,http://www.bbc.co.uk/news/business-35860250,0,0.198738647663
uk,http://www.bbc.co.uk/news/uk-35861444,19,0.0957405121603
tech,http://www.bbc.co.uk/news/technology-35861212,10,0.0943410321635
business,http://www.bbc.co.uk/news/business-35857947,19,0.158734054824
tech,http://www.bbc.co.uk/news/technology-35862668,15,0.117854414142
business,http://www.bbc.co.uk/news/business-35843373,5,0.108874526564
health,http://www.bbc.co.uk/news/health-35861202,18,0.137098088592
entertainment,http://www.bbc.co.uk/news/entertainment-arts-35861084,19,0.124666232984
uk,http://www.bbc.co.uk/news/uk-35858101,10,0.157498066054
business,http://www.bbc.co.uk/news/business-35863668,19,0.111183309145
entertainment,http://www.bbc.co.uk/news/entertainment-arts-35862378,12,0.145369616476
business,http://www.bbc.co.uk/news/business-35860121,11,0.0907862213715
uk,http://www.bbc.co.uk/news/uk-35864699,10,0.18955144408
uk,http://www.bbc.co.uk/news/uk-35864702,8,0.259251392159
uk,http://www.bbc.co.uk/news/uk-england-london-35840394,0,0.124249543876
science,http://www.bbc.co.uk/news/science-environment-35863186,0,0.205317166971
entertainment,http://www.bbc.co.uk/news/entertainment-arts-35862867,9,0.101253849227
business,http://www.bbc.co.uk/news/business-35862618,9,0.120350502975
tech,http://www.bbc.co.uk/news/technology-35861888,5,0.175113181493
business,http://www.bbc.co.uk/news/business-35865420,0,0.144603300854
uk,http://www.bbc.co.uk/news/uk-england-35865512,9,0.130727354606
uk,http://www.bbc.co.uk/news/uk-35860830,9,0.0939084438009
uk,http://www.bbc.co.uk/news/uk-england-35861484,19,0.148323518022
business,http://www.bbc.co.uk/news/business-35865410,10,0.147456972842
uk,http://www.bbc.co.uk/news/uk-england-35860607,10,0.102888249662
science,http://www.bbc.co.uk/news/science-environment-35860223,10,0.165338798805
science,http://www.bbc.co.uk/news/science-environment-35864136,0,0.162362854012
business,http://www.bbc.co.uk/news/business-35860360,1,0.151249866041
uk,http://www.bbc.co.uk/news/uk-35860600,10,0.112214747893
tech,http://www.bbc.co.uk/news/technology-35864314,11,0.107879836061
uk,http://www.bbc.co.uk/news/uk-35860277,18,0.0966608892433
uk,http://www.bbc.co.uk/news/uk-england-35861938,18,0.132095119234
tech,http://www.bbc.co.uk/news/technology-35843222,10,0.129811183842
uk,http://www.bbc.co.uk/news/uk-35862763,18,0.186500992727
uk,http://www.bbc.co.uk/news/uk-35867463,19,0.267845566718
uk,http://www.bbc.co.uk/news/uk-35863580,15,0.0921352522465
uk,http://www.bbc.co.uk/news/uk-35861898,7,0.197959545678
business,http://www.bbc.co.uk/news/business-35862782,9,0.118767274718
uk,http://www.bbc.co.uk/news/uk-35867458,10,0.152382686737
business,http://www.bbc.co.uk/news/business-35863920,8,0.121218242699
uk,http://www.bbc.co.uk/news/uk-england-35865376,19,0.0994078513939
uk,http://www.bbc.co.uk/news/uk-35867915,5,0.133257659154
uk,http://www.bbc.co.uk/news/uk-england-london-35867081,9,0.18495113717
uk,http://www.bbc.co.uk/news/uk-35868216,5,0.141868007092
uk,http://www.bbc.co.uk/news/uk-35867848,1,0.187610272768
uk,http://www.bbc.co.uk/news/uk-35867177,0,0.136968754525
uk,http://www.bbc.co.uk/news/uk-35864018,0,0.162118229888
uk,http://www.bbc.co.uk/news/uk-35841107,14,0.187441917508
business,http://www.bbc.co.uk/news/business-35867431,8,0.239078048237
business,http://www.bbc.co.uk/news/business-35857946,10,0.0757171450606
business,http://www.bbc.co.uk/news/business-35840407,9,0.128563285144
business,http://www.bbc.co.uk/news/business-35862925,9,0.117001824857
tech,http://www.bbc.co.uk/news/technology-35824448,5,0.15046384562
tech,http://www.bbc.co.uk/news/technology-35863862,19,0.161292561821
tech,http://www.bbc.co.uk/news/technology-35868083,9,0.217767409554
tech,http://www.bbc.co.uk/news/technology-35868215,0,0.206483311436
tech,http://www.bbc.co.uk/news/technology-35824446,9,0.0964123260964
tech,http://www.bbc.co.uk/news/technology-35863859,5,0.0969758694298
uk,http://www.bbc.co.uk/news/uk-35868135,0,0.390983410464
business,http://www.bbc.co.uk/news/business-35868391,13,0.0997899335794
science,http://www.bbc.co.uk/news/science-environment-35865470,15,0.0884288626125
uk,http://www.bbc.co.uk/news/uk-35868516,15,0.128006894416
uk,http://www.bbc.co.uk/news/uk-35864975,10,0.118521537923
business,http://www.bbc.co.uk/news/business-35869195,19,0.13822897548
science,http://www.bbc.co.uk/news/science-environment-35868250,19,0.222997084292
tech,http://www.bbc.co.uk/news/technology-35471458,18,0.16445820248
business,http://www.bbc.co.uk/news/business-35869864,11,0.157344188591
tech,http://www.bbc.co.uk/news/technology-35863861,19,0.0906202803128
uk,http://www.bbc.co.uk/news/uk-35869518,9,0.128518887059
business,http://www.bbc.co.uk/news/business-35869592,2,0.127206524576
education,http://www.bbc.co.uk/news/education-35863461,6,0.127243239311
education,http://www.bbc.co.uk/news/education-35858169,11,0.0958594228236
business,http://www.bbc.co.uk/news/business-35868394,8,0.0888692357896
entertainment,http://www.bbc.co.uk/news/entertainment-arts-35869642,7,0.112571140414
health,http://www.bbc.co.uk/news/health-35869173,0,0.32562178174
tech,http://www.bbc.co.uk/news/technology-35869175,5,0.254617345463
business,http://www.bbc.co.uk/news/business-35869555,0,0.117018852824
entertainment,http://www.bbc.co.uk/news/entertainment-arts-35869648,19,0.178101251126
business,http://www.bbc.co.uk/news/business-35870720,0,0.155963385867
health,http://www.bbc.co.uk/news/health-35870399,0,0.105695783912
business,http://www.bbc.co.uk/news/business-35871292,9,0.130466581435
business,http://www.bbc.co.uk/news/business-35871214,7,0.0940766133709
entertainment,http://www.bbc.co.uk/news/entertainment-arts-35869651,0,0.086715956714
education,http://www.bbc.co.uk/news/education-35870456,11,0.127053031979
uk,http://www.bbc.co.uk/news/uk-england-35869242,10,0.141825239537
business,http://www.bbc.co.uk/news/business-35869276,9,0.139777181432
uk,http://www.bbc.co.uk/news/uk-35870005,10,0.143094039643
tech,http://www.bbc.co.uk/news/technology-35871141,19,0.14785800556
health,http://www.bbc.co.uk/news/health-35870296,12,0.091098042705
business,http://www.bbc.co.uk/news/business-35873884,0,0.194924817853
business,http://www.bbc.co.uk/news/business-35869222,19,0.150509182608
entertainment,http://www.bbc.co.uk/news/entertainment-arts-35871702,2,0.117151892679
world,http://www.bbc.co.uk/news/world-35873989,9,0.108816887529
uk,http://www.bbc.co.uk/news/uk-england-35873289,1,0.260990045972
education,http://www.bbc.co.uk/news/education-35862598,10,0.103172822651
science,http://www.bbc.co.uk/news/science-environment-35871261,10,0.0911031091882
uk,http://www.bbc.co.uk/news/uk-35873735,0,0.111852371407
entertainment,http://www.bbc.co.uk/news/entertainment-arts-35872811,10,0.0982408131454
business,http://www.bbc.co.uk/news/business-35871297,19,0.111883225628
entertainment,http://www.bbc.co.uk/news/entertainment-arts-35875725,2,0.142349156448
tech,http://www.bbc.co.uk/news/technology-35874418,9,0.161757913179
entertainment,http://www.bbc.co.uk/news/entertainment-arts-35876053,0,0.136472845553
business,http://www.bbc.co.uk/news/business-35873786,11,0.150581011634
business,http://www.bbc.co.uk/news/business-35877071,9,0.0964271426878
uk,http://www.bbc.co.uk/news/uk-england-35874879,19,0.129836863425
uk,http://www.bbc.co.uk/news/uk-england-35872262,10,0.103434902098
tech,http://www.bbc.co.uk/news/technology-35874421,19,0.106217954446
uk,http://www.bbc.co.uk/news/uk-england-london-35875379,2,0.101748864698
business,http://www.bbc.co.uk/news/business-35874407,9,0.166644239138
business,http://www.bbc.co.uk/news/business-35873886,0,0.159062527916
business,http://www.bbc.co.uk/news/business-35862599,19,0.0950470849692
uk,http://www.bbc.co.uk/news/uk-35875162,10,0.17122971368
business,http://www.bbc.co.uk/news/business-35863848,9,0.0893487642129
business,http://www.bbc.co.uk/news/business-35878395,9,0.120554406993
tech,http://www.bbc.co.uk/news/technology-35810137,10,0.119754577045
business,http://www.bbc.co.uk/news/business-35877074,9,0.137131484074
science,http://www.bbc.co.uk/news/science-environment-35876621,8,0.100282274632
health,http://www.bbc.co.uk/news/health-35869662,9,0.175093149467
business,http://www.bbc.co.uk/news/business-35878563,0,0.227200653129
uk,http://www.bbc.co.uk/news/uk-35870700,9,0.100055014044
entertainment,http://www.bbc.co.uk/news/entertainment-arts-35873894,12,0.115119016845
uk,http://www.bbc.co.uk/news/uk-35877810,16,0.146361228108
uk,http://www.bbc.co.uk/news/uk-35878760,14,0.113846613201
business,http://www.bbc.co.uk/news/business-35878728,9,0.185229402473
uk,http://www.bbc.co.uk/news/uk-england-london-35806702,10,0.110883132878
business,http://www.bbc.co.uk/news/business-35879091,2,0.200052255638
uk,http://www.bbc.co.uk/news/uk-35879390,1,0.24380985337
business,http://www.bbc.co.uk/news/business-35879186,5,0.10025385238
business,http://www.bbc.co.uk/news/business-35879171,10,0.145694207315
business,http://www.bbc.co.uk/news/business-35879180,0,0.171004644637
business,http://www.bbc.co.uk/news/business-35879095,3,0.170372100603
business,http://www.bbc.co.uk/news/business-35878399,0,0.104713042212
science,http://www.bbc.co.uk/news/science-environment-35880029,19,0.0873568595077
science,http://www.bbc.co.uk/news/science-environment-35868246,19,0.145906514705
business,http://www.bbc.co.uk/news/business-35863846,9,0.0887392668048
tech,http://www.bbc.co.uk/news/technology-35874420,19,0.113807255804
entertainment,http://www.bbc.co.uk/news/entertainment-arts-35879876,0,0.0987372816473
business,http://www.bbc.co.uk/news/business-35884091,14,0.364240102346
science,http://www.bbc.co.uk/news/science-environment-35884181,9,0.200191394
business,http://www.bbc.co.uk/news/business-35874531,0,0.227094442256
business,http://www.bbc.co.uk/news/business-35885539,19,0.2865981279
uk,http://www.bbc.co.uk/news/uk-35884090,2,0.29242675815
health,http://www.bbc.co.uk/news/health-35886964,2,0.298127671487
uk,http://www.bbc.co.uk/news/uk-35885601,15,0.292760620507
uk,http://www.bbc.co.uk/news/uk-england-london-35865619,19,0.131411572977
uk,http://www.bbc.co.uk/news/uk-england-london-35865617,0,0.480407294955
health,http://www.bbc.co.uk/news/health-35885599,2,0.235832113192
uk,http://www.bbc.co.uk/news/uk-england-london-35883598,9,0.153096994632
uk,http://www.bbc.co.uk/news/uk-35887694,8,0.280208849976
uk,http://www.bbc.co.uk/news/uk-35888232,14,0.146035510544
entertainment,http://www.bbc.co.uk/news/entertainment-arts-35891253,0,0.161655774976
tech,http://www.bbc.co.uk/news/technology-35889660,19,0.290336988114
uk,http://www.bbc.co.uk/news/uk-35892432,0,0.165953026496
uk,http://www.bbc.co.uk/news/uk-35893432,9,0.192256575683
uk,http://www.bbc.co.uk/news/uk-35893434,0,0.206021447023
business,http://www.bbc.co.uk/news/business-35893485,8,0.195009583337
world,http://www.bbc.co.uk/news/world-35889353,9,0.208866080683
uk,http://www.bbc.co.uk/news/uk-35894738,16,0.220824460402
uk,http://www.bbc.co.uk/news/uk-35893435,5,0.192723929082
uk,http://www.bbc.co.uk/news/uk-35893436,5,0.149554673585
world,http://www.bbc.co.uk/news/world-35886966,2,0.161703506731
business,http://www.bbc.co.uk/news/business-35893489,8,0.176238230001
uk,http://www.bbc.co.uk/news/uk-35894739,0,0.240072176833
health,http://www.bbc.co.uk/news/health-35894740,0,0.153555150559
uk,http://www.bbc.co.uk/news/uk-england-london-35871063,9,0.137477419981
science,http://www.bbc.co.uk/news/science-environment-35893439,12,0.201025776255
uk,http://www.bbc.co.uk/news/uk-england-35892398,1,0.158806673349
